m_comp,bar_beta_opt,welfare_pct_change
0.0,0.06,294.50940480702184
2.0,0.17,47.15192496049642
4.0,0.28,6.961245340905454
6.0,0.93,2.055337393081633
8.0,0.9500000000000001,1.1539797184829113
10.0,0.98,0.38115088260690705
12.0,0.99,0.16203718966852743
14.0,1.0,0.0
16.0,1.0,0.0
18.0,1.0,0.0
20.0,1.0,0.0
