Tau D,Tau F,Gov Pref,Reg Pref,Optimal Patent Breadth Cap,Expected Optimal Patent Breadth Granted,Welfare % Change,Innovator Welfare % Change,Imitator Welfare % Change,Non-Investor Welfare % Change
0.15,0.0,utilitarian,welfarist_balanced,0.9400000000000001,0.9400000000000001,1.1239587966843678,-6.205493918940215,8.491011698085225,113.9999870487438
0.2,0.0,utilitarian,welfarist_balanced,0.88,0.8800000000000001,2.2273230858673485,-12.42450307661909,15.989817681337646,227.99982392236095
